_time,user,src_ip,action,result
2026-03-01 09:58:01,Light,10.0.0.2,login,success
2026-03-01 09:59:10,L,10.0.0.3,login,success
2026-03-01 10:00:05,Mikasa,10.0.0.4,login,failed
2026-03-01 10:00:12,Mikasa,10.0.0.4,login,success
2026-03-01 10:01:03,Eren,10.0.0.5,login,success
2026-03-01 10:02:21,Naruto,10.0.0.6,login,failed
2026-03-01 10:02:30,Naruto,10.0.0.6,login,success
2026-03-01 10:03:11,Levi,10.0.0.7,login,success
2026-03-01 10:04:22,Itachi,10.0.0.8,login,success
2026-03-01 10:05:10,Sasuke,10.0.0.9,login,success
2026-03-01 10:06:01,Lelouch,203.0.113.45,login,failed
2026-03-01 10:06:05,Lelouch,203.0.113.45,login,failed
2026-03-01 10:06:08,Lelouch,203.0.113.45,login,failed
2026-03-01 10:06:11,Lelouch,203.0.113.45,login,failed
2026-03-01 10:06:15,Lelouch,203.0.113.45,login,failed
2026-03-01 10:06:19,Lelouch,203.0.113.45,login,failed
2026-03-01 10:06:25,Lelouch,203.0.113.45,login,failed
2026-03-01 10:06:30,Lelouch,203.0.113.45,login,failed
2026-03-01 10:06:36,Lelouch,203.0.113.45,login,failed
2026-03-01 10:06:40,Lelouch,203.0.113.45,login,success
2026-03-01 10:07:05,L,10.0.0.3,login,success
2026-03-01 10:08:15,Mikasa,10.0.0.4,login,success
2026-03-01 10:09:22,Eren,10.0.0.5,login,success
2026-03-01 10:10:11,Naruto,10.0.0.6,login,success
2026-03-01 10:11:09,Levi,10.0.0.7,login,success